{"cameraMode":{"drawMode":0,"name":"Shaded","section":"Shading Mode"},"sceneLighting":true,"audioPlay":false,"sceneViewState":{"m_AlwaysRefresh":false,"showFog":true,"showSkybox":true,"showFlares":true,"showImageEffects":true,"showParticleSystems":true,"showVisualEffectGraphs":true,"m_FxEnabled":true},"in2DMode":false,"pivot":{"x":-0.6196966171264648,"y":-0.15762734413146974,"z":0.38666093349456789},"rotation":{"x":-0.16190940141677857,"y":0.6411490440368652,"z":-0.14089013636112214,"w":-0.7367942929267883},"size":5.560325622558594,"orthographic":false}